family,model_name,list_type,k_test,mean_accuracy,num_rows
MLP,MLP-01,Seen,1,0.07291666666666667,1
MLP,MLP-01,Seen,2,0.0375,1
MLP,MLP-01,Seen,3,0.06875,1
MLP,MLP-01,Seen,4,0.06458333333333334,1
MLP,MLP-01,Seen,5,0.058333333333333334,1
MLP,MLP-01,Seen,6,0.04791666666666667,1
MLP,MLP-01,Seen,7,0.06458333333333334,1
MLP,MLP-01,Seen,8,0.07083333333333333,1
